{
  "records": {
    "error_request_count": {
      "tag": "error_request_count",
      "unit": "requests",
      "header": "Error Request Count",
      "avg": 11.0,
      "min": null,
      "max": null,
      "p1": null,
      "p5": null,
      "p25": null,
      "p50": null,
      "p75": null,
      "p90": null,
      "p95": null,
      "p99": null,
      "std": null,
      "count": 1
    },
    "input_sequence_length": {
      "tag": "input_sequence_length",
      "unit": "tokens",
      "header": "Input Sequence Length",
      "avg": 550.0,
      "min": 550.0,
      "max": 550.0,
      "p1": 550.0,
      "p5": 550.0,
      "p25": 550.0,
      "p50": 550.0,
      "p75": 550.0,
      "p90": 550.0,
      "p95": 550.0,
      "p99": 550.0,
      "std": 0.0,
      "count": 89
    },
    "ttft": {
      "tag": "ttft",
      "unit": "ms",
      "header": "Time to First Token",
      "avg": 2343.219436988764,
      "min": 464.66410099999996,
      "max": 3853.857423,
      "p1": 581.1957117999999,
      "p5": 728.6766952,
      "p25": 1413.835049,
      "p50": 2369.317693,
      "p75": 3336.6016839999998,
      "p90": 3796.9311679999996,
      "p95": 3825.2778412,
      "p99": 3833.3894000399996,
      "std": 1049.8164554204095,
      "count": 89
    },
    "request_count": {
      "tag": "request_count",
      "unit": "requests",
      "header": "Request Count",
      "avg": 89.0,
      "min": null,
      "max": null,
      "p1": null,
      "p5": null,
      "p25": null,
      "p50": null,
      "p75": null,
      "p90": null,
      "p95": null,
      "p99": null,
      "std": null,
      "count": 1
    },
    "request_latency": {
      "tag": "request_latency",
      "unit": "ms",
      "header": "Request Latency",
      "avg": 9059.654633033708,
      "min": 7936.968269,
      "max": 9299.772642,
      "p1": 8180.93424796,
      "p5": 8840.612216799998,
      "p25": 8962.906399,
      "p50": 9097.345014999999,
      "p75": 9212.619437,
      "p90": 9277.5984794,
      "p95": 9288.605606,
      "p99": 9297.609933759999,
      "std": 220.21827319725128,
      "count": 89
    },
    "min_request_timestamp": {
      "tag": "min_request_timestamp",
      "unit": "ns",
      "header": "Minimum Request Timestamp",
      "avg": 1.759522419154569e18,
      "min": null,
      "max": null,
      "p1": null,
      "p5": null,
      "p25": null,
      "p50": null,
      "p75": null,
      "p90": null,
      "p95": null,
      "p99": null,
      "std": null,
      "count": 1
    },
    "output_token_count": {
      "tag": "output_token_count",
      "unit": "tokens",
      "header": "Output Token Count",
      "avg": 61.06666666666667,
      "min": 1.0,
      "max": 138.0,
      "p1": 1.8699999999999999,
      "p5": 6.700000000000001,
      "p25": 38.25,
      "p50": 59.5,
      "p75": 88.5,
      "p90": 113.60000000000001,
      "p95": 126.14999999999996,
      "p99": 136.26,
      "std": 36.6632725701833,
      "count": 30
    },
    "reasoning_token_count": {
      "tag": "reasoning_token_count",
      "unit": "tokens",
      "header": "Reasoning Token Count",
      "avg": 222.38202247191012,
      "min": 103.0,
      "max": 247.0,
      "p1": 103.88,
      "p5": 129.2,
      "p25": 203.0,
      "p50": 247.0,
      "p75": 247.0,
      "p90": 247.0,
      "p95": 247.0,
      "p99": 247.0,
      "std": 41.46705897672598,
      "count": 89
    },
    "ttst": {
      "tag": "ttst",
      "unit": "ms",
      "header": "Time to Second Token",
      "avg": 120.16625153932584,
      "min": 21.283596,
      "max": 143.25214499999998,
      "p1": 22.285535839999998,
      "p5": 22.743971,
      "p25": 133.86822899999999,
      "p50": 136.642199,
      "p75": 139.873829,
      "p90": 141.2641584,
      "p95": 142.3897692,
      "p99": 142.91884412,
      "std": 40.1746328817136,
      "count": 89
    },
    "inter_chunk_latency": {
      "tag": "inter_chunk_latency",
      "unit": "ms",
      "header": "Inter Chunk Latency",
      "avg": 27.755153106189347,
      "min": 6.174672,
      "max": 164.617523,
      "p1": 16.8360414,
      "p5": 19.9557076,
      "p25": 21.905565,
      "p50": 22.673047999999998,
      "p75": 23.499025,
      "p90": 24.875479600000002,
      "p95": 31.6586686,
      "p99": 140.53429476,
      "std": 23.881484709609396,
      "count": 21537
    },
    "output_sequence_length": {
      "tag": "output_sequence_length",
      "unit": "tokens",
      "header": "Output Sequence Length",
      "avg": 242.96629213483146,
      "min": 193.0,
      "max": 247.0,
      "p1": 193.0,
      "p5": 228.6,
      "p25": 241.0,
      "p50": 247.0,
      "p75": 247.0,
      "p90": 247.0,
      "p95": 247.0,
      "p99": 247.0,
      "std": 9.422003220053695,
      "count": 89
    },
    "max_response_timestamp": {
      "tag": "max_response_timestamp",
      "unit": "ns",
      "header": "Maximum Response Timestamp",
      "avg": 1.759522428472358e18,
      "min": null,
      "max": null,
      "p1": null,
      "p5": null,
      "p25": null,
      "p50": null,
      "p75": null,
      "p90": null,
      "p95": null,
      "p99": null,
      "std": null,
      "count": 1
    },
    "inter_token_latency": {
      "tag": "inter_token_latency",
      "unit": "ms",
      "header": "Inter Token Latency",
      "avg": 27.763065454471807,
      "min": 22.127876406504065,
      "max": 34.8605763625,
      "p1": 22.180963179186993,
      "p5": 22.343882402439025,
      "p25": 24.454028219512193,
      "p50": 27.615130366666666,
      "p75": 31.228363955284554,
      "p90": 32.87232279340302,
      "p95": 33.34450986349594,
      "p99": 33.73224787406911,
      "std": 3.7332808025862296,
      "count": 89
    },
    "output_token_throughput_per_user": {
      "tag": "output_token_throughput_per_user",
      "unit": "tokens/sec/user",
      "header": "Output Token Throughput Per User",
      "avg": 36.68434853220158,
      "min": 28.685698985623016,
      "max": 45.1918648508932,
      "p1": 29.649619420569216,
      "p5": 29.990734758735343,
      "p25": 32.02217065972094,
      "p50": 36.21203256049328,
      "p75": 40.89305823251184,
      "p90": 43.86560286546022,
      "p95": 44.755381329064946,
      "p99": 45.08374026172235,
      "std": 4.979248203943688,
      "count": 89
    },
    "total_isl": {
      "tag": "total_isl",
      "unit": "tokens",
      "header": "Total Input Sequence Length",
      "avg": 48950.0,
      "min": null,
      "max": null,
      "p1": null,
      "p5": null,
      "p25": null,
      "p50": null,
      "p75": null,
      "p90": null,
      "p95": null,
      "p99": null,
      "std": null,
      "count": 1
    },
    "benchmark_duration": {
      "tag": "benchmark_duration",
      "unit": "sec",
      "header": "Benchmark Duration",
      "avg": 9.317788951,
      "min": null,
      "max": null,
      "p1": null,
      "p5": null,
      "p25": null,
      "p50": null,
      "p75": null,
      "p90": null,
      "p95": null,
      "p99": null,
      "std": null,
      "count": 1
    },
    "total_output_tokens": {
      "tag": "total_output_tokens",
      "unit": "tokens",
      "header": "Total Output Tokens",
      "avg": 1832.0,
      "min": null,
      "max": null,
      "p1": null,
      "p5": null,
      "p25": null,
      "p50": null,
      "p75": null,
      "p90": null,
      "p95": null,
      "p99": null,
      "std": null,
      "count": 1
    },
    "total_reasoning_tokens": {
      "tag": "total_reasoning_tokens",
      "unit": "tokens",
      "header": "Total Reasoning Tokens",
      "avg": 19792.0,
      "min": null,
      "max": null,
      "p1": null,
      "p5": null,
      "p25": null,
      "p50": null,
      "p75": null,
      "p90": null,
      "p95": null,
      "p99": null,
      "std": null,
      "count": 1
    },
    "total_osl": {
      "tag": "total_osl",
      "unit": "tokens",
      "header": "Total Output Sequence Length",
      "avg": 21624.0,
      "min": null,
      "max": null,
      "p1": null,